time_elapsed_sec,txs_sent,txs_confirmed,txs_un_confirmed,tps
8.659674824,20000,18120,1880,2092.457322967951
8.827285987,20000,18000,2000,2039.131849416538
9.174980821,20000,18015,1985,1963.4918428130848
8.826161147,20000,18182,1818,2060.012240562822
8.776175148,20000,17807,2193,2029.0160234618872
8.8528555854,20000,18024,1975,2036.8218558444564
