time_elapsed_sec,txs_sent,txs_confirmed,txs_un_confirmed,tps
10.247428938,10000,9500,500,927.0618081352729
10.247428938,10000,9500,500,927.0618081352729
