time_elapsed_sec,txs_sent,txs_confirmed,txs_un_confirmed,tps
9.342429095,10000,9430,570,1009.3734620952989
9.342429095,10000,9430,570,1009.3734620952989
